<?xml version="1.0"?>
<pagescount>
	<html_total>33</html_total>
	<html_done>33</html_done>
	<images>86</images>
	<script>9</script>
	<css>15</css>
	<pdf/>
	<documents/>
	<excel/>
	<powerpoint/>
	<flash/>
	<audios/>
	<videos/>
	<xml/>
	<json/>
	<txt/>
	<autocad/>
	<fonts>4</fonts>
	<scraping_reload>1</scraping_reload>
	<is_pretty_url>false</is_pretty_url>
	<is_ebn>false</is_ebn>
	<email>lexisux3033@gmail.com</email>
	<theme_name>WmdTheme186696</theme_name>
	<server_url_front_page>https://www.waybackmachinedownloader.com/scraping/files/demo/eros.com_lexisux3033_gmail.com_5m6gy36ydz/</server_url_front_page>
	<no_www_url>eros.com</no_www_url>
	<hosted_domain/>
	<original_archive_url>https://web.archive.org/web/20120306221909/http://www.eros.com/</original_archive_url>
	<final_archive_url>https://web.archive.org/web/20120306221909/http://www.eros.com/</final_archive_url>
	<front_page_code_date>20120306221909</front_page_code_date>
	<total_urls_from_api/>
	<max_reached_live>false</max_reached_live>
	<scrape_other_captures>false</scrape_other_captures>
	<total_size>3280</total_size>
<json_from_script>1</json_from_script></pagescount>
